Name,HRSP,G_Corr,G
PhN,-520.923321485359,0.19585,-520.727471485359
PhN+,-521.379773708227,0.209776,-521.169997708227
TS1,-3810.228476841419,0.45255,-3809.775926841419
TS0,-1054.987860928273,0.301172,-1054.686688928273
Int3,-3810.246634199425,0.454862,-3809.791772199425
Parameters:
T,343.15
P,1.0
sclZPE,0.9816
sclheat,0.9525
sclS,0.9576
sclCV,1.0
ilowfreq,2
ravib,100
imode,0
outshm,0
PGlabel,?
prtvib,0
defmass,3
